"work_year","experience_level","employment_type","job_title","salary","salary_currency","salary_in_usd","employee_residence","remote_ratio","company_location","company_size"
2023,"SE","FT","Data Analyst","130000","USD","130000","US","100","US","M"
2023,"SE","FT","Data Analyst","100000","USD","100000","US","100","US","M"
2023,"MI","FT","Data Analyst","150000","USD","150000","US","100","US","M"
2023,"MI","FT","Data Analyst","110000","USD","110000","US","100","US","M"
2023,"SE","FT","Analytics Engineer","230000","USD","230000","GB","100","GB","M"
2023,"SE","FT","Analytics Engineer","143200","USD","143200","GB","100","GB","M"
2023,"SE","FT","Business Intelligence Engineer","225000","USD","225000","US","0","US","M"
2023,"SE","FT","Business Intelligence Engineer","156400","USD","156400","US","0","US","M"
2023,"MI","FT","Data Analyst","105380","USD","105380","US","0","US","M"
2023,"MI","FT","Data Analyst","64500","USD","64500","US","0","US","M"
2023,"EN","FT","Data Quality Analyst","100000","USD","100000","NG","100","NG","L"
2023,"EN","FT","Compliance Data Analyst","30000","USD","30000","NG","100","NG","L"
2023,"SE","FT","Business Intelligence Engineer","185900","USD","185900","US","0","US","M"
2023,"SE","FT","Business Intelligence Engineer","129300","USD","129300","US","0","US","M"
2023,"SE","FT","Data Analyst","202800","USD","202800","US","0","US","L"
2023,"SE","FT","Data Analyst","104300","USD","104300","US","0","US","L"
2023,"SE","FT","Data Analyst","145000","USD","145000","US","0","US","M"
2023,"SE","FT","Data Analyst","65000","USD","65000","US","0","US","M"
2023,"SE","FT","Analytics Engineer","152500","USD","152500","US","0","US","M"
2023,"SE","FT","Analytics Engineer","116450","USD","116450","US","0","US","M"
2023,"SE","FT","Analytics Engineer","289800","USD","289800","US","0","US","M"
2023,"SE","FT","Analytics Engineer","214000","USD","214000","US","0","US","M"
2023,"SE","FT","Analytics Engineer","179820","USD","179820","US","0","US","M"
2023,"SE","FT","Analytics Engineer","143860","USD","143860","US","0","US","M"
2023,"SE","FT","Analytics Engineer","289800","USD","289800","US","0","US","M"
2023,"SE","FT","Analytics Engineer","214200","USD","214200","US","0","US","M"
2023,"MI","FT","Data Analytics Manager","155000","USD","155000","US","0","US","M"
2023,"MI","FT","Data Analytics Manager","140000","USD","140000","US","0","US","M"
2023,"EN","FT","Data Analyst","75000","USD","75000","US","0","US","M"
2023,"EN","FT","Data Analyst","70000","USD","70000","US","0","US","M"
2023,"SE","FT","Data Analyst","204500","USD","204500","US","0","US","M"
2023,"SE","FT","Data Analyst","138900","USD","138900","US","0","US","M"
2023,"SE","FT","Analytics Engineer","230000","USD","230000","US","0","US","M"
2023,"SE","FT","Analytics Engineer","143200","USD","143200","US","0","US","M"
2023,"MI","FT","Business Data Analyst","105000","USD","105000","US","50","US","L"
2023,"MI","FT","Data Analyst","38000","GBP","46178","GB","0","GB","M"
2023,"MI","FT","Data Analyst","35000","GBP","42533","GB","0","GB","M"
2023,"SE","FT","Data Analyst","168400","USD","168400","US","0","US","M"
2023,"SE","FT","Data Analyst","105200","USD","105200","US","0","US","M"
2023,"SE","FT","Analytics Engineer","150000","USD","150000","US","100","US","M"
2023,"SE","FT","Analytics Engineer","120000","USD","120000","US","100","US","M"
2023,"SE","FT","Data Analyst","45000","GBP","54685","CF","100","CF","M"
2023,"SE","FT","Data Analyst","35000","GBP","42533","CF","100","CF","M"
2020,"EX","FT","Staff Data Analyst","15000","USD","15000","NG","0","CA","M"
2023,"EN","FT","Data Analyst","85000","USD","85000","US","100","US","M"
2023,"EN","FT","Data Analyst","75000","USD","75000","US","100","US","M"
2023,"SE","FT","Data Analyst","120000","USD","120000","US","100","US","M"
2023,"SE","FT","Data Analyst","75000","USD","75000","US","100","US","M"
2023,"SE","FT","Data Analyst","140000","USD","140000","US","0","US","M"
2023,"SE","FT","Data Analyst","120000","USD","120000","US","0","US","M"
2023,"SE","FT","Data Quality Analyst","100000","USD","100000","US","0","US","M"
2023,"SE","FT","Data Quality Analyst","80000","USD","80000","US","0","US","M"
2023,"SE","FT","Analytics Engineer","190000","USD","190000","US","100","US","M"
2023,"SE","FT","Analytics Engineer","112000","USD","112000","US","100","US","M"
2023,"SE","FT","Data Analyst","135000","USD","135000","US","0","US","M"
2023,"SE","FT","Data Analyst","105500","USD","105500","US","0","US","M"
2023,"SE","FT","Data Analyst","80000","USD","80000","US","0","US","M"
2023,"SE","FT","Data Analyst","70000","USD","70000","US","0","US","M"
2023,"SE","FT","Data Analyst","200000","USD","200000","US","0","US","M"
2023,"SE","FT","Data Analyst","148500","USD","148500","US","0","US","M"
2023,"SE","FT","Analytics Engineer","152900","USD","152900","US","100","US","M"
2023,"SE","FT","Analytics Engineer","117100","USD","117100","US","100","US","M"
2023,"SE","FT","Analytics Engineer","173000","USD","173000","US","100","US","M"
2023,"SE","FT","Analytics Engineer","113000","USD","113000","US","100","US","M"
2023,"SE","FT","Data Analyst","149500","USD","149500","US","100","US","M"
2023,"SE","FT","Data Analyst","127075","USD","127075","US","100","US","M"
2023,"EX","FT","Analytics Engineer","221000","USD","221000","US","100","US","M"
2023,"EX","FT","Analytics Engineer","153000","USD","153000","US","100","US","M"
2023,"SE","FT","Data Analyst","187000","USD","187000","US","0","US","M"
2023,"SE","FT","Data Analyst","128000","USD","128000","US","0","US","M"
2023,"SE","FT","Data Analyst","142000","USD","142000","US","100","US","M"
2023,"SE","FT","Data Analyst","75000","USD","75000","US","100","US","M"
2023,"SE","FT","Data Analyst","125000","USD","125000","US","100","US","M"
2023,"SE","FT","Data Analyst","112000","USD","112000","US","100","US","M"
2023,"SE","FT","Data Analyst","139000","USD","139000","US","0","US","M"
2023,"SE","FT","Data Analyst","106000","USD","106000","US","0","US","M"
2023,"EN","FT","Data Analyst","55000","CAD","40663","CA","0","CA","L"
2023,"SE","FT","Data Analyst","140000","USD","140000","US","0","US","M"
2023,"SE","FT","Data Analyst","120000","USD","120000","US","0","US","M"
2023,"SE","FT","Data Analyst","175000","USD","175000","CA","100","CA","M"
2023,"SE","FT","Data Analyst","135000","USD","135000","CA","100","CA","M"
2023,"SE","FT","Data Quality Analyst","100000","USD","100000","US","0","US","M"
2023,"SE","FT","Data Quality Analyst","80000","USD","80000","US","0","US","M"
2023,"MI","FT","Data Analyst","90000","USD","90000","US","0","US","M"
2023,"MI","FT","Data Analyst","75000","USD","75000","US","0","US","M"
2023,"SE","FT","Data Analytics Manager","160000","USD","160000","US","100","US","M"
2023,"SE","FT","Data Analytics Manager","120000","USD","120000","US","100","US","M"
2023,"SE","FT","Data Analyst","155000","USD","155000","US","0","US","M"
2023,"SE","FT","Data Analyst","106000","USD","106000","US","0","US","M"
2023,"MI","FT","Lead Data Analyst","68000","USD","68000","US","0","US","L"
2023,"SE","FT","Data Analyst","105000","USD","105000","US","100","US","M"
2023,"SE","FT","Data Analyst","90000","USD","90000","US","100","US","M"
2023,"SE","FT","Analytics Engineer","179820","USD","179820","US","0","US","M"
2023,"SE","FT","Analytics Engineer","143860","USD","143860","US","0","US","M"
2023,"SE","FT","Data Analyst","135000","USD","135000","US","0","US","M"
2023,"SE","FT","Data Analyst","105500","USD","105500","US","0","US","M"
2023,"SE","FT","Data Analyst","80000","USD","80000","US","0","US","M"
2023,"SE","FT","Data Analyst","70000","USD","70000","US","0","US","M"
2023,"EN","FT","Data Analyst","64200","USD","64200","US","100","US","M"
2023,"EN","FT","Data Analyst","56100","USD","56100","US","100","US","M"
2023,"SE","FT","Data Analyst","208450","USD","208450","US","100","US","M"
2023,"SE","FT","Data Analyst","170550","USD","170550","US","100","US","M"
2023,"SE","FT","Data Analyst","153600","USD","153600","US","0","US","M"
2023,"SE","FT","Data Analyst","100500","USD","100500","US","0","US","M"
2023,"MI","FT","Data Analyst","182500","USD","182500","US","0","US","M"
2023,"MI","FT","Data Analyst","121500","USD","121500","US","0","US","M"
2023,"MI","FT","Data Analyst","60000","GBP","72914","GB","0","GB","M"
2023,"MI","FT","Data Analyst","45000","GBP","54685","GB","0","GB","M"
2023,"SE","FT","Data Analyst","100000","USD","100000","US","100","US","M"
2023,"SE","FT","Data Analyst","80000","USD","80000","US","100","US","M"
2023,"EN","FT","Business Data Analyst","20000","EUR","21461","ES","0","ES","M"
2023,"SE","FT","Data Analyst","175000","USD","175000","US","0","US","M"
2023,"SE","FT","Data Analyst","145000","USD","145000","US","0","US","M"
2023,"SE","FT","Data Analyst","148700","USD","148700","US","0","US","M"
2023,"SE","FT","Data Analyst","125600","USD","125600","US","0","US","M"
2023,"SE","FT","Data Analyst","185000","USD","185000","US","100","US","M"
2023,"SE","FT","Data Analyst","120250","USD","120250","US","100","US","M"
2023,"SE","FT","Data Analyst","208049","USD","208049","US","0","US","M"
2023,"SE","FT","Data Analyst","128500","USD","128500","US","0","US","M"
2023,"SE","FT","Analytics Engineer","179820","USD","179820","US","0","US","M"
2023,"SE","FT","Analytics Engineer","143860","USD","143860","US","0","US","M"
2023,"SE","FT","Data Analyst","190000","USD","190000","US","100","US","M"
2023,"SE","FT","Data Analyst","95000","USD","95000","US","100","US","M"
2023,"SE","FT","Data Analyst","153600","USD","153600","US","0","US","M"
2023,"SE","FT","Data Analyst","106800","USD","106800","US","0","US","M"
2023,"MI","FT","Data Analyst","128000","USD","128000","US","0","US","M"
2023,"MI","FT","Data Analyst","85000","USD","85000","US","0","US","M"
2023,"SE","FT","Data Analyst","135000","USD","135000","US","0","US","M"
2023,"SE","FT","Data Analyst","105500","USD","105500","US","0","US","M"
2023,"SE","FT","Data Analyst","100000","USD","100000","US","100","US","M"
2023,"SE","FT","Data Analyst","80000","USD","80000","US","100","US","M"
2023,"MI","FT","Data Analyst","154000","USD","154000","US","0","US","M"
2023,"MI","FT","Data Analyst","143000","USD","143000","US","0","US","M"
2023,"EN","FT","Data Analyst","85000","USD","85000","US","100","US","M"
2023,"EN","FT","Data Analyst","75000","USD","75000","US","100","US","M"
2023,"MI","FT","Data Analyst","83500","USD","83500","US","100","US","M"
2023,"MI","FT","Data Analyst","52500","USD","52500","US","100","US","M"
2023,"SE","FT","Data Analyst","165000","USD","165000","US","100","US","M"
2023,"SE","FT","Data Analyst","140000","USD","140000","US","100","US","M"
2023,"SE","FT","Data Analyst","180180","USD","180180","US","0","US","M"
2023,"SE","FT","Data Analyst","106020","USD","106020","US","0","US","M"
2023,"SE","FT","Data Analyst","153600","USD","153600","US","0","US","M"
2023,"SE","FT","Data Analyst","100500","USD","100500","US","0","US","M"
2023,"SE","FT","Data Analyst","206500","USD","206500","US","100","US","M"
2023,"SE","FT","Data Analyst","121600","USD","121600","US","100","US","M"
2023,"EN","FT","Data Analyst","95000","USD","95000","US","100","US","M"
2023,"EN","FT","Data Analyst","70000","USD","70000","US","100","US","M"
2023,"SE","FT","Data Analyst","115934","USD","115934","US","100","US","M"
2023,"SE","FT","Data Analyst","81666","USD","81666","US","100","US","M"
2023,"MI","FT","Data Analyst","206000","USD","206000","US","0","US","M"
2023,"MI","FT","Data Analyst","130000","USD","130000","US","0","US","M"
2023,"SE","FT","Data Analyst","110000","USD","110000","US","100","US","M"
2023,"SE","FT","Data Analyst","75000","USD","75000","US","100","US","M"
2023,"SE","FT","Analytics Engineer","130000","USD","130000","US","0","US","M"
2023,"SE","FT","Analytics Engineer","87000","USD","87000","US","0","US","M"
2023,"MI","FT","Data Analyst","160000","USD","160000","US","0","US","M"
2023,"MI","FT","Data Analyst","112000","USD","112000","US","0","US","M"
2023,"MI","FT","Data Analyst","100000","USD","100000","US","0","US","M"
2023,"MI","FT","Data Analyst","85000","USD","85000","US","0","US","M"
2023,"SE","FT","Data Analyst","185000","USD","185000","US","100","US","M"
2023,"SE","FT","Data Analyst","120250","USD","120250","US","100","US","M"
2023,"MI","FT","Financial Data Analyst","130000","USD","130000","US","100","US","L"
2023,"SE","FT","Data Analyst","70000","USD","70000","US","0","US","M"
2023,"SE","FT","Data Analyst","55000","USD","55000","US","0","US","M"
2023,"SE","FT","Analytics Engineer","275300","USD","275300","US","100","US","M"
2023,"SE","FT","Analytics Engineer","183500","USD","183500","US","100","US","M"
2023,"MI","FT","Data Analyst","75000","USD","75000","US","100","US","M"
2023,"MI","FT","Data Analyst","65000","USD","65000","US","100","US","M"
2023,"SE","FT","Data Analyst","180180","USD","180180","US","0","US","M"
2023,"SE","FT","Data Analyst","106020","USD","106020","US","0","US","M"
2023,"MI","FT","Lead Data Analyst","1500000","INR","18238","IN","50","IN","L"
2023,"EN","FT","Data Analyst","75000","USD","75000","US","100","US","M"
2023,"EN","FT","Data Analyst","60000","USD","60000","US","100","US","M"
2023,"MI","FT","Analytics Engineer","185700","USD","185700","US","0","US","M"
2023,"MI","FT","Analytics Engineer","165000","USD","165000","US","0","US","M"
2023,"SE","FT","Data Analyst","169000","USD","169000","US","0","US","M"
2023,"SE","FT","Data Analyst","110600","USD","110600","US","0","US","M"
2022,"SE","FT","BI Developer","130000","USD","130000","US","100","US","L"
2023,"SE","FT","Analytics Engineer","170000","USD","170000","US","100","US","M"
2023,"SE","FT","Analytics Engineer","130000","USD","130000","US","100","US","M"
2023,"MI","FT","Data Analytics Manager","155000","USD","155000","US","0","US","M"
2023,"MI","FT","Data Analytics Manager","140000","USD","140000","US","0","US","M"
2023,"SE","FT","Data Analyst","250000","USD","250000","US","100","US","M"
2023,"SE","FT","Data Analyst","138000","USD","138000","US","100","US","M"
2023,"MI","FT","Data Analyst","130000","USD","130000","CA","100","CA","M"
2023,"MI","FT","Data Analyst","100000","USD","100000","CA","100","CA","M"
2023,"SE","FT","BI Analyst","160000","USD","160000","US","0","US","M"
2023,"SE","FT","BI Analyst","135000","USD","135000","US","0","US","M"
2023,"SE","FT","Data Analyst","127000","USD","127000","US","100","US","M"
2023,"SE","FT","Data Analyst","94000","USD","94000","US","100","US","M"
2023,"SE","FT","Data Analyst","161500","USD","161500","US","100","US","M"
2023,"SE","FT","Data Analyst","119500","USD","119500","US","100","US","M"
2023,"SE","FT","Data Analyst","175000","USD","175000","US","0","US","M"
2023,"SE","FT","Data Analyst","145000","USD","145000","US","0","US","M"
2023,"SE","FT","Data Analytics Specialist","105000","USD","105000","US","0","US","M"
2023,"SE","FT","Data Analytics Specialist","85000","USD","85000","US","0","US","M"
2023,"SE","FT","Data Analyst","185900","USD","185900","US","0","US","M"
2023,"SE","FT","Data Analyst","121700","USD","121700","US","0","US","M"
2023,"SE","FT","Data Analyst","153600","USD","153600","US","0","US","M"
2023,"SE","FT","Data Analyst","106800","USD","106800","US","0","US","M"
2023,"EN","FT","Data Analyst","100000","USD","100000","UZ","100","US","L"
2023,"SE","FT","Data Analyst","125000","USD","125000","US","0","US","M"
2023,"SE","FT","Data Analyst","110000","USD","110000","US","0","US","M"
2023,"EN","FT","Data Analyst","150000","USD","150000","US","0","US","M"
2023,"EN","FT","Data Analyst","100000","USD","100000","US","0","US","M"
2023,"MI","FT","Data Analyst","80000","GBP","97218","GB","0","GB","M"
2023,"MI","FT","Data Analyst","40000","GBP","48609","GB","0","GB","M"
2023,"SE","FT","Data Analyst","95000","USD","95000","US","0","US","M"
2023,"SE","FT","Data Analyst","85500","USD","85500","US","0","US","M"
2023,"SE","FT","Data Analyst","185900","USD","185900","US","0","US","M"
2023,"SE","FT","Data Analyst","121700","USD","121700","US","0","US","M"
2023,"SE","FT","Data Analyst","120000","USD","120000","US","100","US","M"
2023,"SE","FT","Data Analyst","75000","USD","75000","US","100","US","M"
2023,"MI","FT","Data Analyst","65000","GBP","78990","GB","100","GB","M"
2023,"MI","FT","Data Analyst","36050","GBP","43809","GB","100","GB","M"
2023,"SE","FT","Data Analyst","180000","USD","180000","US","0","US","M"
2023,"SE","FT","Data Analyst","110000","USD","110000","US","0","US","M"
2023,"EN","FT","Data Analyst","85000","USD","85000","US","100","US","M"
2023,"EN","FT","Data Analyst","75000","USD","75000","US","100","US","M"
2023,"SE","FT","Analytics Engineer","150000","USD","150000","US","0","US","M"
2023,"SE","FT","Analytics Engineer","120000","USD","120000","US","0","US","M"
2023,"SE","FT","Data Analyst","145000","USD","145000","US","100","US","M"
2023,"SE","FT","Data Analyst","90000","USD","90000","US","100","US","M"
2023,"SE","FT","Data Analyst","95000","USD","95000","US","0","US","M"
2023,"SE","FT","Data Analyst","85500","USD","85500","US","0","US","M"
2023,"MI","FT","Data Analytics Manager","155000","USD","155000","US","0","US","M"
2023,"MI","FT","Data Analytics Manager","140000","USD","140000","US","0","US","M"
2023,"EN","FT","Data Analyst","30000","USD","30000","IN","50","IN","M"
2022,"EN","PT","Data Analyst","34320","USD","34320","US","100","US","S"
2022,"MI","FT","Business Data Analyst","48000","BRL","9289","BR","100","BR","M"
2023,"SE","FT","Data Analyst","175000","USD","175000","US","100","US","M"
2023,"SE","FT","Data Analyst","130000","USD","130000","US","100","US","M"
2023,"SE","FT","Data Analyst","122000","USD","122000","US","100","US","M"
2023,"SE","FT","Data Analyst","93800","USD","93800","US","100","US","M"
2023,"SE","FT","Data Analyst","165000","USD","165000","US","100","US","M"
2023,"SE","FT","Data Analyst","112000","USD","112000","US","100","US","M"
2023,"SE","FT","BI Data Analyst","67000","EUR","71897","DE","100","DE","M"
2023,"SE","FT","Data Analyst","1300000","INR","15806","IN","100","IN","S"
2023,"SE","FT","Data Analyst","185900","USD","185900","US","0","US","M"
2023,"SE","FT","Data Analyst","121700","USD","121700","US","0","US","M"
2023,"SE","FT","Data Analyst","180180","USD","180180","US","0","US","M"
2023,"SE","FT","Data Analyst","106020","USD","106020","US","0","US","M"
2023,"SE","FT","Data Analyst","125000","USD","125000","US","0","US","M"
2023,"SE","FT","Data Analyst","110000","USD","110000","US","0","US","M"
2023,"SE","FT","Data Analyst","152380","USD","152380","US","0","US","M"
2023,"SE","FT","Data Analyst","121904","USD","121904","US","0","US","M"
2023,"SE","FT","Data Analyst","170500","USD","170500","US","100","US","M"
2023,"SE","FT","Data Analyst","85000","USD","85000","US","100","US","M"
2023,"SE","FT","Data Quality Analyst","72200","USD","72200","US","0","US","M"
2023,"SE","FT","Data Quality Analyst","64980","USD","64980","US","0","US","M"
2023,"SE","FT","Data Analyst","179975","USD","179975","US","100","US","M"
2023,"SE","FT","Data Analyst","86466","USD","86466","US","100","US","M"
2023,"MI","FT","Insight Analyst","42000","GBP","51039","GB","0","GB","M"
2023,"MI","FT","Insight Analyst","35000","GBP","42533","GB","0","GB","M"
2023,"SE","FT","Data Analyst","169000","USD","169000","US","0","US","M"
2023,"SE","FT","Data Analyst","110600","USD","110600","US","0","US","M"
2023,"SE","FT","Data Analyst","230000","USD","230000","US","0","US","M"
2023,"SE","FT","Data Analyst","180000","USD","180000","US","0","US","M"
2023,"SE","FT","Data Analyst","153600","USD","153600","US","0","US","M"
2023,"SE","FT","Data Analyst","106800","USD","106800","US","0","US","M"
2023,"SE","FT","Data Analyst","165000","USD","165000","US","100","US","M"
2023,"SE","FT","Data Analyst","125000","USD","125000","US","100","US","M"
2023,"SE","FT","Data Analyst","95000","USD","95000","US","0","US","M"
2023,"SE","FT","Data Analyst","85500","USD","85500","US","0","US","M"
2023,"SE","FT","Analytics Engineer","197000","USD","197000","US","0","US","M"
2023,"SE","FT","Analytics Engineer","106000","USD","106000","US","0","US","M"
2023,"SE","FT","Analytics Engineer","175000","USD","175000","US","0","US","M"
2023,"SE","FT","Analytics Engineer","140000","USD","140000","US","0","US","M"
2023,"SE","FT","Data Analyst","110000","USD","110000","US","100","US","S"
2023,"SE","FT","Data Analyst","80000","USD","80000","US","100","US","S"
2023,"EN","FT","Data Analyst","55000","USD","55000","US","0","US","M"
2023,"EN","FT","Data Analyst","48000","USD","48000","US","0","US","M"
2023,"SE","FT","Data Analyst","95000","USD","95000","US","0","US","M"
2023,"SE","FT","Data Analyst","85000","USD","85000","US","0","US","M"
2023,"MI","FT","Data Analyst","80000","USD","80000","US","0","US","M"
2023,"MI","FT","Data Analyst","60000","USD","60000","US","0","US","M"
2023,"SE","FT","Data Analyst","142000","USD","142000","US","100","US","M"
2023,"SE","FT","Data Analyst","95000","USD","95000","US","100","US","M"
2023,"MI","FT","Data Analyst","90000","GBP","109371","HR","0","HR","M"
2023,"MI","FT","Data Analyst","60000","GBP","72914","HR","0","HR","M"
2023,"EN","PT","Data Analyst","78000","PLN","17779","PL","100","IN","L"
2023,"SE","FT","Data Analyst","120000","USD","120000","US","100","US","M"
2023,"SE","FT","Data Analyst","75000","USD","75000","US","100","US","M"
2023,"SE","FT","Data Analyst","169000","USD","169000","US","0","US","M"
2023,"SE","FT","Data Analyst","110600","USD","110600","US","0","US","M"
2023,"EN","FT","Data Analyst","75000","USD","75000","US","100","US","M"
2023,"EN","FT","Data Analyst","60000","USD","60000","US","100","US","M"
2023,"SE","FT","Data Analyst","227000","USD","227000","US","0","US","M"
2023,"SE","FT","Data Analyst","108000","USD","108000","US","0","US","M"
2023,"SE","FT","Data Analyst","52000","EUR","55800","ES","100","ES","M"
2023,"SE","FT","Data Analyst","48000","EUR","51508","ES","100","ES","M"
2023,"EN","FT","Data Analyst","60000","USD","60000","US","100","US","L"
2023,"EN","FT","Data Analyst","50000","USD","50000","KW","50","US","L"
2023,"SE","FT","Data Analyst","80000","USD","80000","US","0","US","M"
2023,"SE","FT","Data Analyst","52500","USD","52500","US","0","US","M"
2023,"EN","FT","Data Analyst","85000","USD","85000","US","100","US","M"
2023,"EN","FT","Data Analyst","75000","USD","75000","US","100","US","M"
2023,"SE","FT","Data Analyst","153600","USD","153600","US","0","US","M"
2023,"SE","FT","Data Analyst","106800","USD","106800","US","0","US","M"
2023,"MI","FT","Data Analyst","165000","USD","165000","US","0","US","M"
2023,"MI","FT","Data Analyst","124000","USD","124000","US","0","US","M"
2023,"SE","FT","Data Analyst","115934","USD","115934","US","100","US","M"
2023,"SE","FT","Data Analyst","81666","USD","81666","US","100","US","M"
2023,"MI","FT","Product Data Analyst","1350000","INR","16414","IN","100","IN","L"
2023,"MI","FT","Data Analyst","125000","USD","125000","US","0","US","M"
2023,"MI","FT","Data Analyst","105000","USD","105000","US","0","US","M"
2023,"MI","FT","Data Analyst","90000","GBP","109371","GB","0","GB","M"
2023,"MI","FT","Data Analyst","70000","GBP","85066","GB","0","GB","M"
2023,"EN","FT","Data Analyst","55000","USD","55000","US","0","US","M"
2023,"EN","FT","Data Analyst","48000","USD","48000","US","0","US","M"
2023,"EN","FT","Data Analyst","100000","USD","100000","US","50","US","M"
2023,"SE","FT","Data Analyst","385000","USD","385000","US","0","US","M"
2023,"SE","FT","Data Analyst","60000","USD","60000","US","0","US","M"
2023,"MI","FT","Data Analyst","110000","USD","110000","US","100","US","M"
2023,"MI","FT","Data Analyst","95000","USD","95000","US","100","US","M"
2023,"SE","FT","Data Analyst","180180","USD","180180","US","0","US","M"
2023,"SE","FT","Data Analyst","106020","USD","106020","US","0","US","M"
2023,"SE","FT","Data Analyst","93919","USD","93919","US","100","US","M"
2023,"SE","FT","Data Analyst","51962","USD","51962","US","100","US","M"
2023,"SE","FT","Data Analyst","192500","USD","192500","US","100","US","M"
2023,"SE","FT","Data Analyst","140000","USD","140000","US","100","US","M"
2023,"MI","FT","Data Analyst","50000","GBP","60761","GB","0","GB","M"
2023,"MI","FT","Data Analyst","45000","GBP","54685","GB","0","GB","M"
2023,"SE","FT","BI Developer","135000","USD","135000","US","100","US","M"
2023,"SE","FT","BI Developer","100000","USD","100000","US","100","US","M"
2023,"EX","FT","Data Analytics Manager","155000","USD","155000","US","0","US","M"
2023,"EX","FT","Data Analytics Manager","140000","USD","140000","US","0","US","M"
2023,"SE","FT","Data Analytics Manager","204500","USD","204500","US","0","US","M"
2023,"SE","FT","Data Analytics Manager","138900","USD","138900","US","0","US","M"
2023,"MI","FT","Data Analyst","130000","USD","130000","US","0","US","M"
2023,"MI","FT","Data Analyst","100000","USD","100000","US","0","US","M"
2023,"SE","FT","Data Analyst","153600","USD","153600","US","0","US","M"
2023,"SE","FT","Data Analyst","106800","USD","106800","US","0","US","M"
2023,"EN","FT","BI Developer","160000","USD","160000","US","0","US","M"
2023,"EN","FT","BI Developer","100000","USD","100000","US","0","US","M"
2023,"MI","FT","Data Analyst","150000","USD","150000","US","0","US","M"
2023,"MI","FT","Data Analyst","100000","USD","100000","US","0","US","M"
2023,"SE","FT","Data Analyst","180180","USD","180180","US","0","US","M"
2023,"SE","FT","Data Analyst","106020","USD","106020","US","0","US","M"
2023,"SE","FT","Data Analyst","122000","USD","122000","US","0","US","M"
2023,"SE","FT","Data Analyst","94000","USD","94000","US","0","US","M"
2023,"SE","FT","Data Analyst","175000","USD","175000","US","0","US","M"
2023,"SE","FT","Data Analyst","145000","USD","145000","US","0","US","M"
2023,"MI","FT","Data Analyst","103200","USD","103200","US","0","US","M"
2023,"MI","FT","Data Analyst","61200","USD","61200","US","0","US","M"
2023,"SE","FT","Data Analyst","130000","USD","130000","US","100","US","M"
2023,"SE","FT","Data Analyst","87000","USD","87000","US","100","US","M"
2023,"SE","FT","Data Analyst","160000","USD","160000","US","100","US","M"
2023,"SE","FT","Data Analyst","108000","USD","108000","US","100","US","M"
2023,"EN","FT","Data Analyst","30000","USD","30000","AR","100","US","S"
2023,"MI","FT","Data Analyst","206000","USD","206000","US","0","US","M"
2023,"MI","FT","Data Analyst","160000","USD","160000","US","0","US","M"
2023,"SE","FT","Analytics Engineer","200000","USD","200000","US","100","US","M"
2023,"SE","FT","Analytics Engineer","175000","USD","175000","US","100","US","M"
2023,"SE","FT","Analytics Engineer","231250","USD","231250","US","100","US","M"
2023,"SE","FT","Analytics Engineer","138750","USD","138750","US","100","US","M"
2023,"MI","FT","Data Analyst","109000","USD","109000","US","0","US","M"
2023,"MI","FT","Data Analyst","79000","USD","79000","US","0","US","M"
2023,"SE","FT","Data Analyst","160000","USD","160000","US","100","US","M"
2023,"SE","FT","Data Analyst","125600","USD","125600","US","100","US","M"
2023,"SE","FT","Data Analyst","141290","USD","141290","US","0","US","M"
2023,"SE","FT","Data Analyst","74178","USD","74178","US","0","US","M"
2023,"MI","FT","Data Analyst","80000","USD","80000","US","0","US","M"
2023,"MI","FT","Data Analyst","52500","USD","52500","US","0","US","M"
2023,"SE","FT","BI Analyst","125000","USD","125000","US","0","US","M"
2023,"SE","FT","BI Analyst","110000","USD","110000","US","0","US","M"
2023,"MI","FT","Data Analyst","90000","USD","90000","US","0","US","M"
2023,"MI","FT","Data Analyst","80000","USD","80000","US","0","US","M"
2022,"EN","FT","Business Data Analyst","48000","USD","48000","US","50","US","L"
2023,"MI","FT","Data Analyst","150000","USD","150000","US","0","US","M"
2023,"MI","FT","Data Analyst","100000","USD","100000","US","0","US","M"
2023,"EN","FT","Business Data Analyst","12000","EUR","12877","GR","50","GR","L"
2023,"MI","FT","Data Analytics Lead","1440000","INR","17509","IN","50","SG","M"
2023,"SE","FT","BI Developer","140000","USD","140000","US","100","US","M"
2023,"SE","FT","BI Developer","110000","USD","110000","US","100","US","M"
2023,"SE","FT","Data Analyst","48000","EUR","51508","ES","0","ES","M"
2023,"SE","FT","Data Analyst","38000","EUR","40777","ES","0","ES","M"
2023,"SE","FT","Data Analyst","48000","EUR","51508","ES","0","ES","M"
2023,"SE","FT","Data Analyst","38000","EUR","40777","ES","0","ES","M"
2023,"MI","FT","Data Analyst","120000","USD","120000","US","100","US","M"
2023,"MI","FT","Data Analyst","100000","USD","100000","US","100","US","M"
2023,"SE","FT","Data Analyst","145000","USD","145000","US","100","US","M"
2023,"SE","FT","Data Analyst","102500","USD","102500","US","100","US","M"
2023,"MI","FT","Data Analyst","135000","USD","135000","US","0","US","M"
2023,"MI","FT","Data Analyst","105500","USD","105500","US","0","US","M"
2023,"MI","FT","Data Analyst","65000","GBP","78990","GB","0","GB","M"
2023,"MI","FT","Data Analyst","36050","GBP","43809","GB","0","GB","M"
2023,"SE","FT","BI Developer","197000","USD","197000","US","0","US","M"
2023,"SE","FT","BI Developer","106000","USD","106000","US","0","US","M"
2023,"MI","FT","Data Analyst","116000","USD","116000","US","0","US","M"
2023,"MI","FT","Data Analyst","72000","USD","72000","US","0","US","M"
2023,"SE","FT","Analytics Engineer","207000","USD","207000","US","0","US","M"
2023,"SE","FT","Analytics Engineer","167000","USD","167000","US","0","US","M"
2023,"MI","FT","Data Analyst","120000","USD","120000","US","0","US","M"
2023,"MI","FT","Data Analyst","80000","USD","80000","US","0","US","M"
2023,"SE","FT","BI Developer","140000","USD","140000","US","100","US","M"
2023,"SE","FT","BI Developer","110000","USD","110000","US","100","US","M"
2023,"MI","FT","Data Analyst","150000","USD","150000","US","0","US","M"
2023,"MI","FT","Data Analyst","100000","USD","100000","US","0","US","M"
2023,"SE","FT","Data Analyst","240500","USD","240500","US","0","US","M"
2023,"SE","FT","Data Analyst","137500","USD","137500","US","0","US","M"
2022,"EN","PT","Data Analyst","24000","EUR","25216","ES","100","US","L"
2023,"SE","FT","Data Analyst","125000","USD","125000","US","0","US","M"
2023,"SE","FT","Data Analyst","85000","USD","85000","US","0","US","M"
2023,"SE","FT","Data Analyst","130000","USD","130000","US","100","US","M"
2023,"SE","FT","Data Analyst","80000","USD","80000","US","100","US","M"
2022,"MI","FT","Business Data Analyst","1440000","INR","18314","IN","50","IN","L"
2022,"SE","FT","Data Analytics Manager","133000","USD","133000","NL","0","NL","L"
2023,"SE","FT","Data Analyst","155000","USD","155000","US","100","US","M"
2023,"SE","FT","Data Analyst","64000","USD","64000","US","100","US","M"
2022,"MI","FT","Data Analyst","1125000","INR","14307","IN","100","IN","L"
2023,"MI","FT","Data Analyst","150000","USD","150000","US","0","US","M"
2023,"MI","FT","Data Analyst","100000","USD","100000","US","0","US","M"
2022,"MI","FT","Data Analyst","150000","USD","150000","US","0","US","M"
2022,"MI","FT","Data Analyst","100000","USD","100000","US","0","US","M"
2022,"MI","FT","Data Analyst","150000","USD","150000","US","0","US","M"
2022,"MI","FT","Data Analyst","100000","USD","100000","US","0","US","M"
2022,"SE","FT","Data Analyst","149000","USD","149000","US","100","US","M"
2022,"SE","FT","Data Analyst","119000","USD","119000","US","100","US","M"
2022,"EN","FT","Product Data Analyst","100000","USD","100000","US","100","US","M"
2022,"MI","FT","Data Analyst","75000","USD","75000","US","100","US","M"
2022,"MI","FT","Data Analyst","60000","USD","60000","US","100","US","M"
2022,"SE","FT","Data Analyst","120000","USD","120000","US","0","US","M"
2022,"SE","FT","Data Analyst","95000","USD","95000","US","0","US","M"
2022,"MI","FT","Data Analyst","150000","USD","150000","US","0","US","M"
2022,"MI","FT","Data Analyst","100000","USD","100000","US","0","US","M"
2022,"SE","FT","Data Analyst","115934","USD","115934","US","100","US","M"
2022,"SE","FT","Data Analyst","81666","USD","81666","US","100","US","M"
2022,"MI","FT","Analytics Engineer","122500","USD","122500","US","100","US","M"
2022,"MI","FT","Analytics Engineer","100000","USD","100000","US","100","US","M"
2022,"EN","FT","Data Analyst","55000","USD","55000","US","0","US","M"
2022,"EN","FT","Data Analyst","48000","USD","48000","US","0","US","M"
2022,"SE","FT","Data Analyst","127000","USD","127000","US","100","US","M"
2022,"SE","FT","Data Analyst","104000","USD","104000","US","100","US","M"
2022,"MI","FT","Data Analyst","102640","USD","102640","US","100","US","M"
2022,"MI","FT","Data Analyst","66100","USD","66100","US","100","US","M"
2022,"SE","FT","Data Analyst","150000","USD","150000","US","100","US","M"
2022,"SE","FT","Data Analyst","100000","USD","100000","US","100","US","M"
2022,"SE","FT","Data Analyst","115934","USD","115934","US","100","US","M"
2022,"SE","FT","Data Analyst","81666","USD","81666","US","100","US","M"
2022,"MI","FT","Data Analyst","350000","GBP","430967","GB","0","GB","M"
2022,"MI","FT","Data Analyst","45000","GBP","55410","GB","0","GB","M"
2022,"SE","FT","Data Analyst","48000","EUR","50432","ES","0","ES","M"
2022,"SE","FT","Data Analyst","38000","EUR","39925","ES","0","ES","M"
2022,"SE","FT","Data Analyst","169000","USD","169000","US","0","US","M"
2022,"SE","FT","Data Analyst","110600","USD","110600","US","0","US","M"
2022,"EN","FT","BI Data Analyst","58000","EUR","60938","DE","0","DE","L"
2022,"SE","FT","BI Developer","140000","USD","140000","US","100","US","M"
2022,"SE","FT","BI Developer","120000","USD","120000","US","100","US","M"
2022,"MI","FT","Data Analyst","75000","USD","75000","US","100","US","M"
2022,"MI","FT","Data Analyst","60000","USD","60000","US","100","US","M"
2022,"EN","FT","Data Analyst","50000","USD","50000","US","50","US","L"
2022,"SE","FT","Data Analyst","166700","USD","166700","US","0","US","M"
2022,"SE","FT","Data Analyst","119000","USD","119000","US","0","US","M"
2022,"MI","FT","Data Analyst","100000","USD","100000","US","100","US","M"
2022,"MI","FT","Data Analyst","65000","USD","65000","US","100","US","M"
2021,"MI","FT","Data Analyst","1250000","INR","16904","IN","50","IN","L"
2022,"EN","FT","Data Analyst","50000","USD","50000","US","50","US","L"
2022,"MI","FT","Data Analyst","150000","USD","150000","US","0","US","M"
2022,"MI","FT","Data Analyst","100000","USD","100000","US","0","US","M"
2022,"SE","FT","Data Analyst","115934","USD","115934","US","100","US","M"
2022,"SE","FT","Data Analyst","81666","USD","81666","US","100","US","M"
2022,"SE","FT","Data Analyst","120000","USD","120000","US","0","US","M"
2022,"SE","FT","Data Analyst","95000","USD","95000","US","0","US","M"
2022,"SE","FT","Data Analyst","201000","USD","201000","US","100","US","M"
2022,"SE","FT","Data Analyst","89200","USD","89200","US","100","US","M"
2022,"SE","FT","Data Analyst","192500","USD","192500","US","100","US","M"
2022,"SE","FT","Data Analyst","140000","USD","140000","US","100","US","M"
2022,"SE","FT","Data Analyst","65000","USD","65000","US","100","US","M"
2022,"SE","FT","Data Analyst","55000","USD","55000","US","100","US","M"
2022,"SE","FT","Analytics Engineer","170000","USD","170000","US","100","US","M"
2022,"SE","FT","Analytics Engineer","125000","USD","125000","US","100","US","M"
2020,"MI","FT","Business Data Analyst","95000","USD","95000","US","0","US","M"
2021,"SE","FT","Data Analyst","115000","USD","115000","US","100","US","S"
2022,"SE","FT","Data Analyst","171000","USD","171000","US","100","AU","L"
2022,"EN","FT","Data Analytics Engineer","13000","USD","13000","AR","100","AR","S"
2022,"EN","FL","Data Analytics Consultant","50000","USD","50000","BE","100","US","S"
2022,"MI","FT","Data Analyst","150000","USD","150000","US","0","US","M"
2022,"MI","FT","Data Analyst","100000","USD","100000","US","0","US","M"
2022,"MI","FT","Data Analyst","165000","USD","165000","US","0","US","M"
2022,"MI","FT","Data Analyst","124000","USD","124000","US","0","US","M"
2022,"SE","FT","Data Analyst","169000","USD","169000","US","0","US","M"
2022,"SE","FT","Data Analyst","110600","USD","110600","US","0","US","M"
2022,"SE","FT","Data Analyst","116000","USD","116000","US","100","US","M"
2022,"SE","FT","Data Analyst","96000","USD","96000","US","100","US","M"
2022,"SE","FT","Data Analyst","75000","GBP","92350","GB","0","GB","M"
2022,"SE","FT","Data Analyst","57000","GBP","70186","GB","0","GB","M"
2022,"SE","FT","Data Analyst","105000","USD","105000","US","0","US","M"
2022,"SE","FT","Data Analyst","70000","USD","70000","US","0","US","M"
2022,"SE","FT","Data Analyst","100000","USD","100000","US","0","US","M"
2022,"SE","FT","Data Analyst","70000","USD","70000","US","0","US","M"
2022,"SE","FT","Data Analyst","130000","USD","130000","US","0","US","M"
2022,"SE","FT","Data Analyst","100000","USD","100000","US","0","US","M"
2022,"MI","FT","Data Analyst","160000","USD","160000","US","0","US","M"
2022,"MI","FT","Data Analyst","109000","USD","109000","US","0","US","M"
2022,"MI","FT","Data Analyst","206000","USD","206000","US","0","US","M"
2022,"MI","FT","Data Analyst","160000","USD","160000","US","0","US","M"
2022,"MI","FT","Data Analyst","150000","USD","150000","US","0","US","M"
2022,"MI","FT","Data Analyst","100000","USD","100000","US","0","US","M"
2022,"SE","FT","Data Analyst","169000","USD","169000","US","0","US","M"
2022,"SE","FT","Data Analyst","110600","USD","110600","US","0","US","M"
2022,"MI","FT","Data Analyst","80000","USD","80000","US","100","US","L"
2022,"SE","FT","Analytics Engineer","135000","USD","135000","US","0","US","M"
2022,"SE","FT","Analytics Engineer","110000","USD","110000","US","0","US","M"
2022,"MI","FT","Data Analytics Manager","155000","USD","155000","US","0","US","M"
2022,"MI","FT","Data Analytics Manager","140000","USD","140000","US","0","US","M"
2022,"MI","FT","BI Data Analyst","100000","EUR","105066","FR","50","FR","M"
2022,"SE","FT","Data Analyst","130000","USD","130000","US","0","US","M"
2022,"SE","FT","Data Analyst","100000","USD","100000","US","0","US","M"
2022,"MI","FT","Analytics Engineer","85000","GBP","104663","GB","0","GB","M"
2022,"MI","FT","Analytics Engineer","60000","GBP","73880","GB","0","GB","M"
2022,"MI","FT","Data Analyst","165000","USD","165000","US","0","US","M"
2022,"MI","FT","Data Analyst","124000","USD","124000","US","0","US","M"
2022,"MI","FT","Data Analyst","150000","USD","150000","US","0","US","M"
2022,"MI","FT","Data Analyst","100000","USD","100000","US","0","US","M"
2022,"MI","FT","Data Analyst","100000","USD","100000","CA","0","CA","M"
2022,"MI","FT","Data Analyst","65000","USD","65000","CA","0","CA","M"
2022,"SE","FT","Data Analyst","177000","USD","177000","US","0","US","M"
2022,"SE","FT","Data Analyst","131000","USD","131000","US","0","US","M"
2022,"SE","FT","Data Analyst","169000","USD","169000","US","0","US","M"
2022,"SE","FT","Data Analyst","110600","USD","110600","US","0","US","M"
2022,"SE","FT","Analytics Engineer","193750","USD","193750","US","100","US","M"
2022,"SE","FT","Analytics Engineer","116250","USD","116250","US","100","US","M"
2022,"SE","FT","Analytics Engineer","231250","USD","231250","US","100","US","M"
2022,"SE","FT","Analytics Engineer","138750","USD","138750","US","100","US","M"
2022,"SE","FT","Analytics Engineer","231250","USD","231250","US","100","US","M"
2022,"SE","FT","Analytics Engineer","138750","USD","138750","US","100","US","M"
2022,"MI","FT","Data Analyst","150000","USD","150000","US","0","US","M"
2022,"MI","FT","Data Analyst","100000","USD","100000","US","0","US","M"
2022,"SE","FT","Data Analyst","110000","USD","110000","US","0","US","M"
2022,"SE","FT","Data Analyst","95000","USD","95000","US","0","US","M"
2022,"SE","FT","Data Analyst","169000","USD","169000","US","0","US","M"
2022,"SE","FT","Data Analyst","110600","USD","110600","US","0","US","M"
2022,"SE","FT","Data Analyst","115934","USD","115934","US","100","US","M"
2022,"SE","FT","Data Analyst","81666","USD","81666","US","100","US","M"
2022,"EN","PT","BI Analyst","12000","USD","12000","MX","100","US","L"
2022,"SE","FT","Data Analyst","154560","USD","154560","US","0","US","M"
2022,"SE","FT","Data Analyst","123648","USD","123648","US","0","US","M"
2022,"SE","FT","Data Analyst","130000","USD","130000","US","0","US","M"
2022,"SE","FT","Data Analyst","100000","USD","100000","US","0","US","M"
2022,"SE","FT","Data Analyst","130000","USD","130000","US","0","US","M"
2022,"SE","FT","Data Analyst","105000","USD","105000","US","0","US","M"
2022,"MI","FT","Data Analyst","206000","USD","206000","US","0","US","M"
2022,"MI","FT","Data Analyst","160000","USD","160000","US","0","US","M"
2022,"MI","FT","Data Analyst","109000","USD","109000","US","0","US","M"
2022,"MI","FT","Data Analyst","79000","USD","79000","US","0","US","M"
2022,"MI","FT","Data Analyst","160000","USD","160000","US","0","US","M"
2022,"MI","FT","Data Analyst","109000","USD","109000","US","0","US","M"
2022,"SE","FT","Data Analyst","127000","USD","127000","US","100","US","M"
2022,"SE","FT","Data Analyst","110000","USD","110000","US","100","US","M"
2022,"SE","FT","Data Analyst","169000","USD","169000","US","0","US","M"
2022,"SE","FT","Data Analyst","110600","USD","110600","US","0","US","M"
2022,"MI","FT","Data Analyst","150000","USD","150000","US","100","US","M"
2022,"MI","FT","Data Analyst","100000","USD","100000","US","100","US","M"
2022,"SE","FT","Data Analyst","120000","USD","120000","US","0","US","M"
2022,"SE","FT","Data Analyst","95000","USD","95000","US","0","US","M"
2022,"EN","FT","Data Analyst","64000","USD","64000","US","100","US","L"
2022,"SE","FT","Data Analyst","150000","USD","150000","US","0","US","M"
2022,"SE","FT","Data Analyst","127000","USD","127000","US","0","US","M"
2022,"EN","FT","BI Analyst","76000","USD","76000","US","50","US","L"
2022,"SE","FT","Data Analyst","166700","USD","166700","US","0","US","M"
2022,"SE","FT","Data Analyst","119000","USD","119000","US","0","US","M"
2022,"SE","FT","Data Analyst","130000","USD","130000","US","0","US","M"
2022,"SE","FT","Data Analyst","100000","USD","100000","US","0","US","M"
2022,"SE","FT","Analytics Engineer","84000","GBP","103432","GB","0","GB","M"
2022,"SE","FT","Analytics Engineer","75000","GBP","92350","GB","0","GB","M"
2022,"SE","FT","Data Analyst","80000","USD","80000","US","0","US","M"
2022,"SE","FT","Data Analyst","52500","USD","52500","US","0","US","M"
2022,"SE","FT","Data Analyst","135000","USD","135000","US","100","US","M"
2022,"SE","FT","Data Analyst","100000","USD","100000","US","100","US","M"
2022,"EN","PT","Data Analyst","125404","USD","125404","CN","50","US","S"
2022,"SE","FT","Data Operations Analyst","123000","USD","123000","US","0","US","M"
2022,"SE","FT","Data Operations Analyst","92250","USD","92250","US","0","US","M"
2022,"EX","FT","Analytics Engineer","210000","USD","210000","US","100","US","M"
2022,"EX","FT","Analytics Engineer","157000","USD","157000","US","100","US","M"
2022,"MI","FT","Data Analyst","80000","USD","80000","US","0","US","M"
2022,"MI","FT","Data Analyst","52500","USD","52500","US","0","US","M"
2022,"SE","FT","Data Analyst","48000","EUR","50432","ES","0","ES","M"
2022,"SE","FT","Data Analyst","35000","EUR","36773","ES","0","ES","M"
2022,"MI","FT","Analytics Engineer","78000","USD","78000","BR","100","BR","M"
2022,"MI","FT","Analytics Engineer","48000","USD","48000","BR","100","BR","M"
2022,"SE","FT","Data Analyst","150000","USD","150000","US","0","US","M"
2022,"SE","FT","Data Analyst","95000","USD","95000","US","0","US","M"
2022,"MI","FT","BI Analyst","78000","USD","78000","BR","100","BR","M"
2022,"MI","FT","BI Analyst","48000","USD","48000","BR","100","BR","M"
2022,"SE","FT","Data Analyst","175950","USD","175950","US","100","US","M"
2022,"SE","FT","Data Analyst","130050","USD","130050","US","100","US","M"
2022,"SE","FT","Data Analyst","236600","USD","236600","US","100","US","M"
2022,"SE","FT","Data Analyst","89200","USD","89200","US","100","US","M"
2022,"SE","FT","Marketing Data Analyst","200000","USD","200000","GB","100","GB","S"
2022,"SE","FT","Data Analyst","169000","USD","169000","US","0","US","M"
2022,"SE","FT","Data Analyst","110600","USD","110600","US","0","US","M"
2021,"EN","FT","Power BI Developer","400000","INR","5409","IN","50","IN","L"
2022,"MI","FT","Data Analyst","85000","USD","85000","US","0","US","M"
2022,"MI","FT","Data Analyst","65000","USD","65000","US","0","US","M"
2022,"SE","FT","Data Analyst","169000","USD","169000","US","0","US","M"
2022,"SE","FT","Data Analyst","110600","USD","110600","US","0","US","M"
2022,"SE","FT","Analytics Engineer","150000","USD","150000","US","0","US","M"
2022,"SE","FT","Analytics Engineer","120000","USD","120000","US","0","US","M"
2022,"SE","FT","Data Analyst","139600","USD","139600","US","0","US","M"
2022,"SE","FT","Data Analyst","85700","USD","85700","US","0","US","M"
2022,"SE","FT","Data Analyst","115000","USD","115000","US","100","US","M"
2022,"SE","FT","Data Analyst","95000","USD","95000","US","100","US","M"
2022,"MI","FT","Data Analyst","105000","USD","105000","US","0","US","M"
2022,"MI","FT","Data Analyst","62000","USD","62000","US","0","US","M"
2022,"EN","FT","BI Data Analyst","57000","USD","57000","US","100","US","L"
2022,"SE","FT","Data Analyst","115934","USD","115934","US","100","US","M"
2022,"SE","FT","Data Analyst","81666","USD","81666","US","100","US","M"
2022,"SE","FT","Data Analyst","48000","EUR","50432","ES","0","ES","M"
2022,"SE","FT","Data Analyst","35000","EUR","36773","ES","0","ES","M"
2022,"SE","FT","BI Analyst","200000","USD","200000","NG","100","NG","S"
2022,"SE","CT","Data Analyst","90000","USD","90000","US","100","US","M"
2022,"MI","FT","Analytics Engineer","108000","USD","108000","US","100","US","M"
2022,"MI","FT","Analytics Engineer","85000","USD","85000","US","100","US","M"
2022,"SE","FT","Analytics Engineer","130000","USD","130000","US","100","US","M"
2022,"SE","FT","Analytics Engineer","110000","USD","110000","US","100","US","M"
2022,"MI","FT","BI Data Analyst","65000","AUD","45050","AU","50","AU","L"
2021,"EN","FT","Data Analyst","56000","AUD","42028","AU","50","AU","L"
2022,"MI","FT","Data Analytics Engineer","135000","USD","135000","US","100","US","L"
2022,"EN","FT","Data Analyst","20000","USD","20000","CR","50","US","M"
2022,"SE","FT","Data Analyst","99750","USD","99750","US","100","US","M"
2022,"SE","FT","Data Analyst","68400","USD","68400","US","100","US","M"
2022,"SE","FT","Analytics Engineer","130000","USD","130000","US","100","US","M"
2022,"SE","FT","Analytics Engineer","110000","USD","110000","US","100","US","M"
2022,"SE","FT","Data Analyst","110000","USD","110000","US","0","US","M"
2022,"SE","FT","Data Analyst","99000","USD","99000","US","0","US","M"
2022,"SE","FT","Data Analyst","48000","EUR","50432","ES","0","ES","M"
2022,"SE","FT","Data Analyst","35000","EUR","36773","ES","0","ES","M"
2022,"MI","FT","Business Data Analyst","150000","USD","150000","US","100","US","L"
2022,"SE","FT","Data Analyst","144000","USD","144000","US","100","US","M"
2022,"SE","FT","Data Analyst","113000","USD","113000","US","100","US","M"
2022,"EN","FT","BI Data Analyst","633000","INR","8050","IN","100","IN","M"
2022,"EN","FT","Business Data Analyst","50000","USD","50000","IN","100","AS","L"
2022,"SE","FT","Analytics Engineer","190000","USD","190000","US","100","US","M"
2022,"SE","FT","Analytics Engineer","140000","USD","140000","US","100","US","M"
2022,"SE","FT","Analytics Engineer","122500","USD","122500","US","100","US","M"
2022,"SE","FT","Analytics Engineer","100000","USD","100000","US","100","US","M"
2022,"EN","FT","Data Analyst","40300","BRL","7799","BR","100","BR","L"
2022,"MI","FT","Data Analyst","136000","USD","136000","US","100","US","M"
2022,"MI","FT","Data Analyst","112000","USD","112000","US","100","US","M"
2022,"MI","FT","Data Analyst","97500","USD","97500","US","100","US","L"
2022,"EN","FT","Data Analyst","500000","INR","6359","FR","100","IN","L"
2022,"SE","FT","Analytics Engineer","165000","USD","165000","US","100","US","M"
2022,"SE","FT","Analytics Engineer","140250","USD","140250","US","100","US","M"
2022,"MI","FT","Financial Data Analyst","75000","USD","75000","US","0","US","M"
2022,"SE","FT","Analytics Engineer","83376","GBP","102663","GB","100","GB","M"
2022,"SE","FT","Analytics Engineer","65004","GBP","80041","GB","100","GB","M"
2022,"SE","FT","Data Analyst","115000","USD","115000","US","0","US","L"
2022,"SE","FT","Data Operations Analyst","81000","USD","81000","US","100","US","M"
2022,"SE","FT","Data Operations Analyst","66000","USD","66000","US","100","US","M"
2022,"EN","FT","Data Analyst","46000","USD","46000","US","100","US","L"
2022,"SE","FT","Analytics Engineer","250000","USD","250000","US","0","US","M"
2022,"SE","FT","Analytics Engineer","63000","USD","63000","US","0","US","M"
2022,"MI","CT","Analytics Engineer","7500","USD","7500","BO","50","BO","M"
2022,"MI","FT","Data Analyst","113000","USD","113000","US","0","US","L"
2022,"MI","FT","Data Analytics Consultant","113000","USD","113000","US","100","US","L"
2022,"MI","FT","Product Data Analyst","140000","USD","140000","US","100","US","M"
2021,"SE","FT","Data Analyst","50000","USD","50000","PH","100","PH","S"
2022,"MI","FT","BI Data Analyst","77000","AUD","53368","AU","100","AU","M"
2022,"SE","FT","Analytics Engineer","250000","USD","250000","US","0","US","M"
2022,"SE","FT","Analytics Engineer","63000","USD","63000","US","0","US","M"
2022,"SE","FT","Analytics Engineer","245000","USD","245000","US","0","US","M"
2022,"SE","FT","Analytics Engineer","180000","USD","180000","US","0","US","M"
2022,"SE","FT","Analytics Engineer","203500","USD","203500","US","0","US","M"
2022,"SE","FT","Analytics Engineer","152000","USD","152000","US","0","US","M"
2022,"EN","FT","BI Data Analyst","32400","BRL","6270","BR","100","BR","L"
2022,"EX","FT","Analytics Engineer","200000","USD","200000","US","100","US","M"
2022,"EX","FT","Analytics Engineer","150000","USD","150000","US","100","US","M"
2022,"SE","FT","Data Analyst","216200","USD","216200","US","0","US","M"
2022,"SE","FT","Data Analyst","144100","USD","144100","US","0","US","M"
2022,"SE","FT","Analytics Engineer","170000","USD","170000","US","100","US","M"
2022,"SE","FT","Analytics Engineer","135000","USD","135000","US","100","US","M"
2022,"SE","FT","Data Analyst","117000","USD","117000","US","100","US","M"
2022,"SE","FT","Data Analyst","99450","USD","99450","US","100","US","M"
2022,"SE","FT","Data Analyst","70000","GBP","86193","GB","0","GB","M"
2022,"SE","FT","Data Analyst","50000","GBP","61566","GB","0","GB","M"
2022,"SE","FT","Data Analyst","175000","USD","175000","US","100","US","M"
2022,"SE","FT","Data Analyst","130000","USD","130000","US","100","US","M"
2022,"MI","FT","Data Analyst","450000","INR","5723","IN","100","IN","S"
2022,"MI","FT","BI Data Analyst","48000","EUR","50432","DE","100","DE","S"
2022,"EN","FT","Data Analyst","50000","USD","50000","AR","100","AR","L"
2022,"MI","FT","Data Analyst","216200","USD","216200","US","0","US","M"
2022,"MI","FT","Data Analyst","144100","USD","144100","US","0","US","M"
2022,"EN","FT","Data Analyst","150000","USD","150000","US","100","US","L"
2022,"SE","FT","Analytics Engineer","48000","USD","48000","AR","100","US","S"
2022,"EN","FT","Data Analyst","55000","USD","55000","US","100","US","S"
2022,"MI","FT","Data Analyst","130000","USD","130000","US","100","US","M"
2022,"MI","FT","Analytics Engineer","200000","USD","200000","US","0","US","M"
2022,"MI","FT","Analytics Engineer","54000","USD","54000","US","0","US","M"
2022,"EN","FT","Analytics Engineer","130000","USD","130000","US","50","US","L"
2022,"EN","FT","Data Analyst","27000","EUR","28368","FR","50","FR","M"
2022,"SE","FT","Data Analyst","128875","USD","128875","US","100","US","M"
2022,"SE","FT","Data Analyst","93700","USD","93700","US","100","US","M"
2022,"SE","FT","Data Analyst","136260","USD","136260","US","100","US","M"
2022,"SE","FT","Data Analyst","109280","USD","109280","US","100","US","M"
2022,"SE","FT","Data Analyst","117000","USD","117000","US","100","US","M"
2022,"SE","FT","Data Analyst","99450","USD","99450","US","100","US","M"
2022,"SE","FT","Business Data Analyst","100000","USD","100000","US","100","US","L"
2022,"MI","FT","Data Analyst","90000","SGD","65257","SG","50","SG","M"
2022,"SE","FT","Data Analyst","150075","USD","150075","US","100","US","M"
2022,"SE","FT","Data Analyst","110925","USD","110925","US","100","US","M"
2020,"EN","FT","Data Analyst","20000","EUR","22809","PT","100","PT","M"
2022,"EN","FT","Data Analyst","15000","USD","15000","ID","0","ID","L"
2022,"SE","FT","Data Analyst","112900","USD","112900","US","0","US","M"
2022,"SE","FT","Data Analyst","90320","USD","90320","US","0","US","M"
2022,"SE","FT","Data Analyst","112900","USD","112900","US","100","US","M"
2022,"SE","FT","Data Analyst","90320","USD","90320","US","100","US","M"
2022,"SE","FT","Data Analytics Manager","145000","USD","145000","US","100","US","M"
2022,"SE","FT","Data Analytics Manager","105400","USD","105400","US","100","US","M"
2022,"SE","FT","Data Analyst","115934","USD","115934","US","0","US","M"
2022,"SE","FT","Data Analyst","81666","USD","81666","US","0","US","M"
2022,"SE","FT","Data Analyst","164000","USD","164000","US","0","US","M"
2022,"SE","FT","Data Analyst","132000","USD","132000","US","0","US","M"
2022,"SE","FT","Data Analyst","128875","USD","128875","US","100","US","M"
2022,"SE","FT","Data Analyst","93700","USD","93700","US","100","US","M"
2022,"MI","FT","Data Analyst","40000","GBP","49253","GB","100","GB","M"
2022,"MI","FT","Data Analyst","30000","GBP","36940","GB","100","GB","M"
2022,"MI","FT","Data Analyst","40000","EUR","42026","ES","100","ES","M"
2022,"MI","FT","Data Analyst","30000","EUR","31520","ES","100","ES","M"
2022,"MI","FT","Data Analyst","40000","EUR","42026","GR","100","GR","M"
2022,"MI","FT","Data Analyst","30000","EUR","31520","GR","100","GR","M"
2022,"MI","FT","Data Analyst","58000","USD","58000","US","0","US","S"
2022,"MI","FT","Data Analyst","58000","USD","58000","US","0","US","S"
2022,"SE","FT","Data Analyst","124190","USD","124190","US","100","US","M"
2022,"SE","FT","Data Analyst","90320","USD","90320","US","100","US","M"
2022,"MI","FT","Data Analyst","126500","USD","126500","US","0","US","M"
2022,"MI","FT","Data Analyst","106260","USD","106260","US","0","US","M"
2022,"SE","FT","Data Analyst","116000","USD","116000","US","0","US","M"
2022,"SE","FT","Data Analyst","99000","USD","99000","US","0","US","M"
2022,"SE","FT","Data Analyst","155000","USD","155000","US","100","US","M"
2022,"SE","FT","Data Analyst","120600","USD","120600","US","100","US","M"
2022,"SE","FT","Data Analyst","102100","USD","102100","US","100","US","M"
2022,"SE","FT","Data Analyst","84900","USD","84900","US","100","US","M"
2022,"EX","FT","Data Analyst","130000","USD","130000","US","100","US","M"
2022,"EX","FT","Data Analyst","110000","USD","110000","US","100","US","M"
2022,"SE","FT","Data Analyst","170000","USD","170000","US","100","US","M"
2022,"SE","FT","Data Analyst","135000","USD","135000","US","100","US","M"
2022,"SE","FT","Data Analyst","130000","USD","130000","CA","100","CA","M"
2022,"SE","FT","Data Analyst","61300","USD","61300","CA","100","CA","M"
2022,"SE","FT","Data Analyst","130000","USD","130000","CA","100","CA","M"
2022,"SE","FT","Data Analyst","61300","USD","61300","CA","100","CA","M"
2022,"MI","FT","Data Analyst","167000","USD","167000","US","100","US","M"
2022,"MI","FT","Data Analyst","115500","USD","115500","US","100","US","M"
2022,"SE","FT","Data Analyst","112900","USD","112900","US","100","US","M"
2022,"SE","FT","Data Analyst","90320","USD","90320","US","100","US","M"
2022,"SE","FT","Data Analyst","112900","USD","112900","US","100","US","M"
2022,"SE","FT","Data Analyst","90320","USD","90320","US","100","US","M"
2022,"SE","FT","Data Analyst","136600","USD","136600","US","100","US","M"
2022,"SE","FT","Data Analyst","109280","USD","109280","US","100","US","M"
2022,"EX","FT","Analytics Engineer","175000","USD","175000","US","100","US","M"
2022,"EX","FT","Analytics Engineer","135000","USD","135000","US","100","US","M"
2022,"SE","FT","Analytics Engineer","205300","USD","205300","US","0","US","M"
2022,"SE","FT","Analytics Engineer","184700","USD","184700","US","0","US","M"
2022,"SE","FT","Data Analyst","116150","USD","116150","US","100","US","M"
2022,"SE","FT","Data Analyst","99050","USD","99050","US","100","US","M"
2022,"SE","FT","Data Analyst","112900","USD","112900","US","100","US","M"
2022,"SE","FT","Data Analyst","90320","USD","90320","US","100","US","M"
2022,"MI","FT","Data Analyst","85000","USD","85000","CA","0","CA","M"
2022,"MI","FT","Data Analyst","75000","USD","75000","CA","0","CA","M"
2022,"SE","FT","Data Analyst","115934","USD","115934","US","100","US","M"
2022,"SE","FT","Data Analyst","81666","USD","81666","US","100","US","M"
2022,"MI","FT","Data Analyst","50000","GBP","61566","GB","0","GB","M"
2022,"MI","FT","Data Analyst","35000","GBP","43096","GB","0","GB","M"
2022,"SE","FT","Data Analyst","80000","USD","80000","US","100","US","M"
2022,"SE","FT","Data Analyst","60000","USD","60000","US","100","US","M"
2022,"SE","FT","Data Analytics Manager","150260","USD","150260","US","100","US","M"
2022,"SE","FT","Data Analytics Manager","109280","USD","109280","US","100","US","M"
2022,"SE","FT","Data Analyst","170000","USD","170000","US","100","US","M"
2022,"SE","FT","Data Analyst","150000","USD","150000","US","100","US","M"
2022,"EN","FT","Data Analyst","67000","USD","67000","CA","0","CA","M"
2022,"EN","FT","Data Analyst","52000","USD","52000","CA","0","CA","M"
2022,"SE","FT","Data Analyst","129000","USD","129000","US","0","US","M"
2022,"SE","FT","Data Analyst","99000","USD","99000","US","0","US","M"
2022,"SE","FT","Data Analyst","100000","USD","100000","US","100","US","M"
2022,"SE","FT","Data Analyst","69000","USD","69000","US","100","US","M"
2022,"SE","FT","Data Analyst","150075","USD","150075","US","100","US","M"
2022,"SE","FT","Data Analyst","110925","USD","110925","US","100","US","M"
2022,"SE","FT","Data Analyst","126500","USD","126500","US","100","US","M"
2022,"SE","FT","Data Analyst","106260","USD","106260","US","100","US","M"
2022,"SE","FT","Data Analyst","105000","USD","105000","US","100","US","M"
2022,"SE","FT","Data Analyst","100000","USD","100000","US","100","US","M"
2022,"SE","FT","Data Analyst","170000","USD","170000","US","100","US","M"
2022,"SE","FT","Data Analyst","135000","USD","135000","US","100","US","M"
2022,"MI","FT","Data Analyst","135000","USD","135000","US","100","US","M"
2022,"MI","FT","Data Analyst","50000","USD","50000","US","100","US","M"
2022,"MI","FT","Business Data Analyst","1400000","INR","17805","IN","100","IN","M"
2022,"MI","FT","Business Data Analyst","90000","CAD","69133","CA","50","CA","L"
2022,"MI","FT","Data Analyst","20000","USD","20000","GR","100","GR","S"
2022,"MI","FT","Principal Data Analyst","75000","USD","75000","CA","100","CA","S"
2020,"MI","FT","Product Data Analyst","20000","USD","20000","HN","0","HN","S"
2022,"SE","FT","Data Analytics Lead","405000","USD","405000","US","100","US","L"
2021,"MI","FT","Data Analyst","135000","USD","135000","US","100","US","L"
2022,"EN","FT","Data Analytics Engineer","20000","USD","20000","PK","0","PK","M"
2021,"MI","FT","Data Analyst","90000","USD","90000","US","100","US","M"
2022,"EN","FT","Financial Data Analyst","100000","USD","100000","US","50","US","L"
2021,"EN","PT","Data Analyst","8760","EUR","10354","ES","50","ES","M"
2021,"EN","FT","Data Analyst","50000","USD","50000","US","100","US","M"
2021,"EN","FT","BI Data Analyst","55000","USD","55000","US","50","US","S"
2021,"SE","FT","Data Analytics Manager","120000","USD","120000","US","100","US","M"
2020,"MI","FT","Data Analyst","41000","EUR","46759","FR","50","FR","L"
2021,"EN","FT","Data Analyst","90000","USD","90000","US","100","US","S"
2021,"EN","FT","Data Analyst","60000","USD","60000","US","100","US","S"
2021,"MI","FT","Data Analytics Engineer","110000","USD","110000","US","100","US","L"
2021,"EN","FT","Data Analyst","50000","EUR","59102","FR","50","FR","M"
2021,"SE","FT","Data Analyst","80000","USD","80000","BG","100","US","S"
2020,"EN","FT","Data Analyst","10000","USD","10000","NG","100","NG","S"
2021,"SE","FT","Data Analytics Engineer","67000","EUR","79197","DE","100","DE","L"
2021,"SE","FT","Lead Data Analyst","170000","USD","170000","US","100","US","L"
2021,"EN","FT","Data Analyst","80000","USD","80000","US","100","US","M"
2021,"MI","FT","BI Data Analyst","100000","USD","100000","US","100","US","M"
2021,"EX","FT","BI Data Analyst","150000","USD","150000","IN","100","US","L"
2021,"SE","FT","Marketing Data Analyst","75000","EUR","88654","GR","100","DK","L"
2021,"MI","FT","Data Analyst","37456","GBP","51519","GB","50","GB","L"
2021,"MI","FT","BI Data Analyst","11000000","HUF","36259","HU","50","US","L"
2021,"MI","FT","Data Analyst","93000","USD","93000","US","100","US","L"
2020,"EN","FT","Data Analyst","450000","INR","6072","IN","0","IN","S"
2021,"SE","FT","Principal Data Analyst","170000","USD","170000","US","100","US","M"
2020,"EN","FT","Data Analyst","91000","USD","91000","US","100","US","L"
2021,"MI","FT","Data Analyst","80000","USD","80000","US","100","US","L"
2021,"SE","FT","Data Analyst","200000","USD","200000","US","100","US","L"
2020,"EN","FT","Data Analyst","72000","USD","72000","US","100","US","L"
2021,"SE","FT","Data Analyst","54000","EUR","63831","DE","50","DE","L"
2021,"SE","FT","Data Analyst","90000","CAD","71786","CA","100","CA","M"
2021,"EN","FT","BI Data Analyst","9272","USD","9272","KE","100","KE","S"
2020,"MI","FT","Business Data Analyst","135000","USD","135000","US","100","US","L"
2021,"SE","FT","Data Analytics Engineer","50000","USD","50000","VN","100","GB","M"
2020,"MI","FT","Lead Data Analyst","87000","USD","87000","US","100","US","L"
2020,"MI","FT","Data Analyst","85000","USD","85000","US","100","US","L"
2020,"MI","FT","Data Analyst","8000","USD","8000","PK","50","PK","L"
2020,"MI","FT","Product Data Analyst","450000","INR","6072","IN","100","IN","L"
2020,"MI","FT","BI Data Analyst","98000","USD","98000","US","0","US","M"
2021,"SE","FT","Data Analytics Manager","120000","USD","120000","US","0","US","L"
2021,"SE","FT","Data Analytics Manager","140000","USD","140000","US","100","US","L"
2021,"SE","FT","Finance Data Analyst","45000","GBP","61896","GB","50","GB","L"
2021,"EN","FT","Business Data Analyst","50000","EUR","59102","LU","100","LU","L"
2021,"MI","FT","Lead Data Analyst","1450000","INR","19609","IN","100","IN","L"
2021,"MI","FT","Data Analyst","75000","USD","75000","US","0","US","L"
2021,"MI","FT","Data Analyst","62000","USD","62000","US","0","US","L"
2020,"EN","CT","Business Data Analyst","100000","USD","100000","US","100","US","L"
